R.FileName,PG.MolecularWeight,PG.UniprotIds,PG.Score,PEP.IsProteotypic,PEP.MolecularWeight,PEP.StrippedSequence,PEP.Score,PP.Charge,PP.PIMID,PP.EmpiricalRT,PP.iRTEmpirical,PP.Acetyl (Protein N-term),PP.Oxidation (M),PP.Phospho (STY),P.TheoreticalMZ,P.LocalizationConfidence,PSM.FWHM,PSM.MS1RT,PSM.MS2RT,PSM.MS2ScanNumber,PSM.MS1PeakIntensity,PSM.LocalizationConfidence,PSM.Acetyl (Protein N-term),PSM.Oxidation (M),PSM.Phospho (STY),PSM.PEP,PSM.Qvalue,PSM.Score,PSM.Svalue,FI.Charge,FI.FrgNum,FI.FrgType,FI.LossType,FI.TheoreticalMz,FI.Intensity,FI.CalibratedMZ,FI.MeasuredMZ,FI.Tolerance
MCF7_phos_DDA_1.raw,105428.8,Q9NQS7,2.73749589920044,True,924.0630646837,IAQVSPGPR,1.5697348117828402,2,_IAQVS[Phospho (STY)]PGPR_,11.2698001861572,-7.796975,,,IAQVS(1)PGPR,502.749874082162,1.0,,11.2698,11.30961,2554,1743194.0,1.0,,,IAQVS(1)PGPR,8.171814051543028e-18,0.0,194.1478,0.38658356666564897,1,2,y,noloss,272.171716022962,56797.0,272.171241134413,272.1703,0.00189395194754575
MCF7_phos_DDA_1.raw,105428.8,Q9NQS7,2.73749589920044,True,924.0630646837,IAQVSPGPR,1.5697348117828402,2,_IAQVS[Phospho (STY)]PGPR_,11.2698001861572,-7.796975,,,IAQVS(1)PGPR,502.749874082162,1.0,,11.2698,11.30961,2554,1743194.0,1.0,,,IAQVS(1)PGPR,8.171814051543028e-18,0.0,194.1478,0.38658356666564897,1,3,y,noloss,329.19317974353197,91986.41,329.192551844629,329.1915,0.00218080463884124
MCF7_phos_DDA_1.raw,105428.8,Q9NQS7,2.73749589920044,True,924.0630646837,IAQVSPGPR,1.5697348117828402,2,_IAQVS[Phospho (STY)]PGPR_,11.2698001861572,-7.796975,,,IAQVS(1)PGPR,502.749874082162,1.0,,11.2698,11.30961,2554,1743194.0,1.0,,,IAQVS(1)PGPR,8.171814051543028e-18,0.0,194.1478,0.38658356666564897,1,4,y,noloss,426.245943592382,455462.9,426.245192958812,426.2438,0.00302720691601591
MCF7_phos_DDA_1.raw,105428.8,Q9NQS7,2.73749589920044,True,924.0630646837,IAQVSPGPR,1.5697348117828402,2,_IAQVS[Phospho (STY)]PGPR_,11.2698001861572,-7.796975,,,IAQVS(1)PGPR,502.749874082162,1.0,,11.2698,11.30961,2554,1743194.0,1.0,,,IAQVS(1)PGPR,8.171814051543028e-18,0.0,194.1478,0.38658356666564897,1,5,y,noloss,593.2443025174019,52532.41,593.2432972746,593.2411,0.00507013481317945
MCF7_phos_DDA_1.raw,105428.8,Q9NQS7,2.73749589920044,True,924.0630646837,IAQVSPGPR,1.5697348117828402,2,_IAQVS[Phospho (STY)]PGPR_,11.2698001861572,-7.796975,,,IAQVS(1)PGPR,502.749874082162,1.0,,11.2698,11.30961,2554,1743194.0,1.0,,,IAQVS(1)PGPR,8.171814051543028e-18,0.0,194.1478,0.38658356666564897,1,5,y,H3PO4,495.26740432404296,114809.4,495.266677550353,495.2648,0.00380179334687496
MCF7_phos_DDA_1.raw,105428.8,Q9NQS7,2.73749589920044,True,924.0630646837,IAQVSPGPR,1.5697348117828402,2,_IAQVS[Phospho (STY)]PGPR_,11.2698001861572,-7.796975,,,IAQVS(1)PGPR,502.749874082162,1.0,,11.2698,11.30961,2554,1743194.0,1.0,,,IAQVS(1)PGPR,8.171814051543028e-18,0.0,194.1478,0.38658356666564897,1,6,y,noloss,692.312716430392,42826.25,692.3116021256378,692.3087,0.00747742923807667
MCF7_phos_DDA_1.raw,105428.8,Q9NQS7,2.73749589920044,True,924.0630646837,IAQVSPGPR,1.5697348117828402,2,_IAQVS[Phospho (STY)]PGPR_,11.2698001861572,-7.796975,,,IAQVS(1)PGPR,502.749874082162,1.0,,11.2698,11.30961,2554,1743194.0,1.0,,,IAQVS(1)PGPR,8.171814051543028e-18,0.0,194.1478,0.38658356666564897,1,6,y,H3PO4,594.335818237033,302219.8,594.334814520334,594.3332,0.00508473530218401
MCF7_phos_DDA_1.raw,105428.8,Q9NQS7,2.73749589920044,True,924.0630646837,IAQVSPGPR,1.5697348117828402,2,_IAQVS[Phospho (STY)]PGPR_,11.2698001861572,-7.796975,,,IAQVS(1)PGPR,502.749874082162,1.0,,11.2698,11.30961,2554,1743194.0,1.0,,,IAQVS(1)PGPR,8.171814051543028e-18,0.0,194.1478,0.38658356666564897,1,7,y,noloss,820.371293935672,3154.713,820.369846512891,820.3648,0.0103349435002349
MCF7_phos_DDA_1.raw,105428.8,Q9NQS7,2.73749589920044,True,924.0630646837,IAQVSPGPR,1.5697348117828402,2,_IAQVS[Phospho (STY)]PGPR_,11.2698001861572,-7.796975,,,IAQVS(1)PGPR,502.749874082162,1.0,,11.2698,11.30961,2554,1743194.0,1.0,,,IAQVS(1)PGPR,8.171814051543028e-18,0.0,194.1478,0.38658356666564897,1,7,y,H3PO4,722.3943957423129,130581.5,722.39309604675,722.3909,0.00824622291594492
MCF7_phos_DDA_1.raw,105428.8,Q9NQS7,2.73749589920044,True,924.0630646837,IAQVSPGPR,1.5697348117828402,2,_IAQVS[Phospho (STY)]PGPR_,11.2698001861572,-7.796975,,,IAQVS(1)PGPR,502.749874082162,1.0,,11.2698,11.30961,2554,1743194.0,1.0,,,IAQVS(1)PGPR,8.171814051543028e-18,0.0,194.1478,0.38658356666564897,1,8,y,H3PO4,793.431509527023,161505.6,793.4299070823911,793.4273,0.00992057530240453
MCF7_phos_DDA_1.raw,105428.8,Q9NQS7,2.73749589920044,True,924.0630646837,IAQVSPGPR,1.5697348117828402,2,_IAQVS[Phospho (STY)]PGPR_,11.2698001861572,-7.796975,,,IAQVS(1)PGPR,502.749874082162,1.0,,11.2698,11.30961,2554,1743194.0,1.0,,,IAQVS(1)PGPR,8.171814051543028e-18,0.0,194.1478,0.38658356666564897,1,3,y,NH3,312.16663135791197,4745.545,312.16602588736697,312.1656,0.0020386069674048
MCF7_phos_DDA_1.raw,105428.8,Q9NQS7,2.73749589920044,True,924.0630646837,IAQVSPGPR,1.5697348117828402,2,_IAQVS[Phospho (STY)]PGPR_,11.2698001861572,-7.796975,,,IAQVS(1)PGPR,502.749874082162,1.0,,11.2698,11.30961,2554,1743194.0,1.0,,,IAQVS(1)PGPR,8.171814051543028e-18,0.0,194.1478,0.38658356666564897,1,4,y,NH3,409.219395206762,20044.95,409.218672286679,409.2178,0.00287733773934795
MCF7_phos_DDA_1.raw,105428.8,Q9NQS7,2.73749589920044,True,924.0630646837,IAQVSPGPR,1.5697348117828402,2,_IAQVS[Phospho (STY)]PGPR_,11.2698001861572,-7.796975,,,IAQVS(1)PGPR,502.749874082162,1.0,,11.2698,11.30961,2554,1743194.0,1.0,,,IAQVS(1)PGPR,8.171814051543028e-18,0.0,194.1478,0.38658356666564897,1,5,y,H2O,575.233737713325,13871.01,575.232813185889,575.232,0.00482921931497955
MCF7_phos_DDA_1.raw,105428.8,Q9NQS7,2.73749589920044,True,924.0630646837,IAQVSPGPR,1.5697348117828402,2,_IAQVS[Phospho (STY)]PGPR_,11.2698001861572,-7.796975,,,IAQVS(1)PGPR,502.749874082162,1.0,,11.2698,11.30961,2554,1743194.0,1.0,,,IAQVS(1)PGPR,8.171814051543028e-18,0.0,194.1478,0.38658356666564897,1,5,y,1(+H2+O)1(+H3+O4+P),477.256839519966,17195.15,477.2560488521289,477.2534,0.00359011967623706
MCF7_phos_DDA_1.raw,105428.8,Q9NQS7,2.73749589920044,True,924.0630646837,IAQVSPGPR,1.5697348117828402,2,_IAQVS[Phospho (STY)]PGPR_,11.2698001861572,-7.796975,,,IAQVS(1)PGPR,502.749874082162,1.0,,11.2698,11.30961,2554,1743194.0,1.0,,,IAQVS(1)PGPR,8.171814051543028e-18,0.0,194.1478,0.38658356666564897,1,5,y,1(+H3+N)1(+H3+O4+P),478.240855938423,15654.45,478.240064953118,478.2393,0.00360168457547973
MCF7_phos_DDA_1.raw,105428.8,Q9NQS7,2.73749589920044,True,924.0630646837,IAQVSPGPR,1.5697348117828402,2,_IAQVS[Phospho (STY)]PGPR_,11.2698001861572,-7.796975,,,IAQVS(1)PGPR,502.749874082162,1.0,,11.2698,11.30961,2554,1743194.0,1.0,,,IAQVS(1)PGPR,8.171814051543028e-18,0.0,194.1478,0.38658356666564897,1,6,y,1(+H2+O)1(+H3+O4+P),576.325253432955,5224.024,576.324320811819,576.322,0.00484381980398411
MCF7_phos_DDA_1.raw,105428.8,Q9NQS7,2.73749589920044,True,924.0630646837,IAQVSPGPR,1.5697348117828402,2,_IAQVS[Phospho (STY)]PGPR_,11.2698001861572,-7.796975,,,IAQVS(1)PGPR,502.749874082162,1.0,,11.2698,11.30961,2554,1743194.0,1.0,,,IAQVS(1)PGPR,8.171814051543028e-18,0.0,194.1478,0.38658356666564897,2,7,y,H2O,401.68400279920303,100132.5,401.683288835577,401.6824,0.00281101055250928
MCF7_phos_DDA_1.raw,105428.8,Q9NQS7,2.73749589920044,True,924.0630646837,IAQVSPGPR,1.5697348117828402,2,_IAQVS[Phospho (STY)]PGPR_,11.2698001861572,-7.796975,,,IAQVS(1)PGPR,502.749874082162,1.0,,11.2698,11.30961,2554,1743194.0,1.0,,,IAQVS(1)PGPR,8.171814051543028e-18,0.0,194.1478,0.38658356666564897,1,7,y,1(+H2+O)1(+H3+O4+P),704.383830938236,45820.21,704.382645284404,704.3807,0.00779089487787755
MCF7_phos_DDA_1.raw,105428.8,Q9NQS7,2.73749589920044,True,924.0630646837,IAQVSPGPR,1.5697348117828402,2,_IAQVS[Phospho (STY)]PGPR_,11.2698001861572,-7.796975,,,IAQVS(1)PGPR,502.749874082162,1.0,,11.2698,11.30961,2554,1743194.0,1.0,,,IAQVS(1)PGPR,8.171814051543028e-18,0.0,194.1478,0.38658356666564897,2,7,y,1(+H3+N)1(+H3+O4+P),353.187561911752,173286.6,353.18690421106004,353.1851,0.0023841406137219802
MCF7_phos_DDA_1.raw,105428.8,Q9NQS7,2.73749589920044,True,924.0630646837,IAQVSPGPR,1.5697348117828402,2,_IAQVS[Phospho (STY)]PGPR_,11.2698001861572,-7.796975,,,IAQVS(1)PGPR,502.749874082162,1.0,,11.2698,11.30961,2554,1743194.0,1.0,,,IAQVS(1)PGPR,8.171814051543028e-18,0.0,194.1478,0.38658356666564897,1,8,y,1(+H3+N)1(+H3+O4+P),776.4049611414032,13176.13,776.403296747303,776.4,0.00961167286410588
